Страна,Год,Число студентов из РФ,Регион
Aruba,2003,0,Latin America
Aruba,2006,0,Latin America
Aruba,2009,0,Latin America
Aruba,2010,0,Latin America
Aruba,2011,0,Latin America
Aruba,2012,0,Latin America
Aruba,2013,2,Latin America
Aruba,2014,2,Latin America
Aruba,2015,1,Latin America
Aruba,2016,0,Latin America
Andorra,2002,0,Europe
Andorra,2013,0,Europe
Andorra,2015,0,Europe
Andorra,2016,2,Europe
Andorra,2017,1,Europe
Andorra,2018,2,Europe
Andorra,2019,2,Europe
Andorra,2020,1,Europe
Andorra,2021,0,Europe
Andorra,2023,3,Europe
Andorra,2024,4,Europe
United Arab Emirates,2011,331,Asia
United Arab Emirates,2012,286,Asia
Argentina,2000,0,Latin America
Argentina,2016,110,Latin America
Argentina,2017,131,Latin America
Argentina,2018,148,Latin America
Argentina,2019,148,Latin America
Argentina,2020,135,Latin America
Argentina,2021,145,Latin America
Argentina,2022,123,Latin America
Argentina,2023,185,Latin America
Armenia,2003,290,Asia
Armenia,2004,662,Asia
Armenia,2005,477,Asia
Armenia,2006,680,Asia
Armenia,2007,828,Asia
Armenia,2008,967,Asia
Armenia,2009,1331,Asia
Armenia,2010,1175,Asia
Armenia,2011,1140,Asia
Armenia,2012,1062,Asia
Armenia,2013,903,Asia
Armenia,2014,1277,Asia
Armenia,2015,1140,Asia
Armenia,2016,1268,Asia
Armenia,2017,1357,Asia
Armenia,2018,1255,Asia
Armenia,2019,1421,Asia
Armenia,2020,1283,Asia
Armenia,2021,1782,Asia
Armenia,2022,2082,Asia
Armenia,2023,1923,Asia
Armenia,2024,2761,Asia
Australia,2000,207,Oceania
Australia,2002,599,Oceania
Australia,2003,661,Oceania
Australia,2004,476,Oceania
Australia,2005,447,Oceania
Australia,2006,442,Oceania
Australia,2007,530,Oceania
Australia,2008,618,Oceania
Australia,2009,764,Oceania
Australia,2010,846,Oceania
Australia,2011,889,Oceania
Australia,2012,897,Oceania
Australia,2013,968,Oceania
Australia,2014,1028,Oceania
Australia,2015,880,Oceania
Australia,2016,859,Oceania
Australia,2017,737,Oceania
Australia,2018,796,Oceania
Australia,2019,708,Oceania
Australia,2020,590,Oceania
Australia,2021,473,Oceania
Australia,2022,477,Oceania
Australia,2023,589,Oceania
Australia,2024,683,Oceania
Austria,2000,300,Europe
Austria,2001,341,Europe
Austria,2002,263,Europe
Austria,2003,278,Europe
Austria,2004,338,Europe
Austria,2006,418,Europe
Austria,2007,522,Europe
Austria,2008,588,Europe
Austria,2009,753,Europe
Austria,2010,858,Europe
Austria,2011,975,Europe
Austria,2012,754,Europe
Austria,2013,1004,Europe
Austria,2014,939,Europe
Austria,2015,1128,Europe
Austria,2016,1257,Europe
Austria,2017,1390,Europe
Austria,2018,1447,Europe
Austria,2019,1479,Europe
Austria,2020,1539,Europe
Austria,2021,1674,Europe
Austria,2022,1793,Europe
Austria,2023,1950,Europe
Austria,2024,2345,Europe
Azerbaijan,2006,171,Asia
Azerbaijan,2007,150,Asia
Azerbaijan,2008,158,Asia
Azerbaijan,2009,224,Asia
Azerbaijan,2010,263,Asia
Azerbaijan,2011,221,Asia
Azerbaijan,2012,177,Asia
Azerbaijan,2013,232,Asia
Azerbaijan,2014,213,Asia
Azerbaijan,2015,270,Asia
Azerbaijan,2016,306,Asia
Azerbaijan,2017,441,Asia
Azerbaijan,2018,593,Asia
Azerbaijan,2019,522,Asia
Azerbaijan,2020,481,Asia
Azerbaijan,2021,428,Asia
Azerbaijan,2022,477,Asia
Azerbaijan,2023,451,Asia
Azerbaijan,2024,618,Asia
Belgium,2000,143,Europe
Belgium,2001,200,Europe
Belgium,2002,271,Europe
Belgium,2003,285,Europe
Belgium,2004,0,Europe
Belgium,2005,89,Europe
Belgium,2006,73,Europe
Belgium,2007,132,Europe
Belgium,2008,14,Europe
Belgium,2009,152,Europe
Belgium,2010,188,Europe
Belgium,2011,244,Europe
Belgium,2012,244,Europe
Belgium,2013,273,Europe
Belgium,2014,264,Europe
Belgium,2015,213,Europe
Belgium,2016,287,Europe
Belgium,2017,302,Europe
Belgium,2018,180,Europe
Belgium,2019,43,Europe
Belgium,2020,302,Europe
Belgium,2021,316,Europe
Belgium,2022,312,Europe
Belgium,2023,284,Europe
Benin,2014,0,Africa
Benin,2015,0,Africa
Benin,2016,0,Africa
Benin,2017,0,Africa
Benin,2018,0,Africa
Benin,2019,1,Africa
Benin,2020,0,Africa
Benin,2021,0,Africa
Benin,2022,0,Africa
Bulgaria,2000,80,Europe
Bulgaria,2001,67,Europe
Bulgaria,2003,127,Europe
Bulgaria,2004,112,Europe
Bulgaria,2005,88,Europe
Bulgaria,2006,93,Europe
Bulgaria,2007,126,Europe
Bulgaria,2008,142,Europe
Bulgaria,2009,163,Europe
Bulgaria,2010,200,Europe
Bulgaria,2011,219,Europe
Bulgaria,2012,235,Europe
Bulgaria,2013,255,Europe
Bulgaria,2014,269,Europe
Bulgaria,2015,288,Europe
Bulgaria,2016,301,Europe
Bulgaria,2017,283,Europe
Bulgaria,2018,309,Europe
Bulgaria,2019,315,Europe
Bulgaria,2020,316,Europe
Bulgaria,2021,312,Europe
Bulgaria,2022,335,Europe
Bulgaria,2023,325,Europe
Bulgaria,2024,264,Europe
Bahrain,2003,1,Asia
Bahrain,2005,0,Asia
Bahrain,2006,0,Asia
Bahrain,2014,1,Asia
Bahrain,2015,2,Asia
Bahrain,2016,3,Asia
Bahrain,2017,5,Asia
Bahrain,2018,3,Asia
Bahrain,2019,3,Asia
Bahrain,2020,5,Asia
Bahrain,2021,4,Asia
Bahrain,2022,3,Asia
Bahrain,2023,3,Asia
Bahrain,2024,4,Asia
Bosnia and Herzegovina,2013,4,Europe
Bosnia and Herzegovina,2014,4,Europe
Bosnia and Herzegovina,2015,6,Europe
Bosnia and Herzegovina,2016,6,Europe
Bosnia and Herzegovina,2017,4,Europe
Bosnia and Herzegovina,2018,9,Europe
Bosnia and Herzegovina,2019,6,Europe
Bosnia and Herzegovina,2020,5,Europe
Bosnia and Herzegovina,2021,7,Europe
Bosnia and Herzegovina,2022,11,Europe
Bosnia and Herzegovina,2023,21,Europe
Belarus,2002,0,Europe
Belarus,2003,0,Europe
Belarus,2004,0,Europe
Belarus,2005,0,Europe
Belarus,2006,0,Europe
Belarus,2007,0,Europe
Belarus,2008,2622,Europe
Belarus,2009,2546,Europe
Belarus,2010,2543,Europe
Belarus,2011,2596,Europe
Belarus,2012,2567,Europe
Belarus,2013,2061,Europe
Belarus,2014,2128,Europe
Belarus,2015,1953,Europe
Belarus,2016,1578,Europe
Belarus,2017,1647,Europe
Belarus,2018,1952,Europe
Belarus,2019,1796,Europe
Belarus,2020,1912,Europe
Belarus,2021,1902,Europe
Belarus,2022,1756,Europe
Belarus,2023,1804,Europe
Belarus,2024,1901,Europe
Brazil,2002,4,Latin America
Brazil,2003,2,Latin America
Brazil,2004,4,Latin America
Brazil,2009,40,Latin America
Brazil,2010,33,Latin America
Brazil,2011,36,Latin America
Brazil,2012,36,Latin America
Brazil,2014,47,Latin America
Brazil,2015,38,Latin America
Brazil,2016,34,Latin America
Brazil,2017,36,Latin America
Brazil,2018,45,Latin America
Brazil,2019,44,Latin America
Brazil,2020,47,Latin America
Brazil,2021,52,Latin America
Brazil,2022,56,Latin America
Brazil,2023,58,Latin America
Brazil,2024,61,Latin America
Barbados,2001,0,Latin America
Barbados,2007,0,Latin America
Barbados,2009,1,Latin America
Barbados,2010,1,Latin America
Barbados,2011,1,Latin America
Brunei Darussalam,2000,0,Asia
Brunei Darussalam,2001,0,Asia
Brunei Darussalam,2004,0,Asia
Brunei Darussalam,2005,0,Asia
Brunei Darussalam,2006,0,Asia
Brunei Darussalam,2007,0,Asia
Brunei Darussalam,2008,0,Asia
Brunei Darussalam,2009,0,Asia
Brunei Darussalam,2010,0,Asia
Brunei Darussalam,2011,0,Asia
Brunei Darussalam,2012,1,Asia
Brunei Darussalam,2014,2,Asia
Brunei Darussalam,2015,2,Asia
Brunei Darussalam,2016,1,Asia
Brunei Darussalam,2017,1,Asia
Brunei Darussalam,2018,3,Asia
Brunei Darussalam,2019,2,Asia
Brunei Darussalam,2020,2,Asia
Brunei Darussalam,2023,0,Asia
Canada,2000,273,North America
Canada,2001,288,North America
Canada,2002,351,North America
Canada,2003,384,North America
Canada,2004,351,North America
Canada,2005,348,North America
Canada,2006,489,North America
Canada,2007,472,North America
Canada,2008,527,North America
Canada,2009,504,North America
Canada,2010,504,North America
Canada,2011,663,North America
Canada,2012,483,North America
Canada,2013,1140,North America
Canada,2014,1554,North America
Canada,2015,1647,North America
Canada,2016,1704,North America
Canada,2017,1497,North America
Canada,2018,1607,North America
Canada,2019,1383,North America
Canada,2020,1473,North America
Canada,2021,1464,North America
Canada,2022,1527,North America
Canada,2023,1242,North America
Switzerland,2000,327,Europe
Switzerland,2001,377,Europe
Switzerland,2002,458,Europe
Switzerland,2003,495,Europe
Switzerland,2004,571,Europe
Switzerland,2005,609,Europe
Switzerland,2006,573,Europe
Switzerland,2007,609,Europe
Switzerland,2008,638,Europe
Switzerland,2009,675,Europe
Switzerland,2010,719,Europe
Switzerland,2011,792,Europe
Switzerland,2012,873,Europe
Switzerland,2013,594,Europe
Switzerland,2014,1021,Europe
Switzerland,2015,1011,Europe
Switzerland,2016,975,Europe
Switzerland,2017,969,Europe
Switzerland,2018,934,Europe
Switzerland,2019,954,Europe
Switzerland,2020,979,Europe
Switzerland,2021,1026,Europe
Switzerland,2022,1003,Europe
Switzerland,2023,1025,Europe
Switzerland,2024,1048,Europe
Chile,2000,5,Latin America
Chile,2002,10,Latin America
Chile,2003,6,Latin America
Chile,2005,8,Latin America
Chile,2007,10,Latin America
Chile,2008,15,Latin America
Chile,2009,4,Latin America
Chile,2010,14,Latin America
Chile,2012,2,Latin America
Chile,2013,1,Latin America
Chile,2014,2,Latin America
Chile,2015,6,Latin America
Chile,2016,1,Latin America
Chile,2017,6,Latin America
Chile,2018,3,Latin America
Chile,2019,7,Latin America
Chile,2020,8,Latin America
Chile,2021,10,Latin America
Chile,2022,11,Latin America
Chile,2023,10,Latin America
Chile,2024,16,Latin America
Côte d'Ivoire,2008,0,Africa
Côte d'Ivoire,2009,0,Africa
Côte d'Ivoire,2010,0,Africa
Côte d'Ivoire,2011,0,Africa
Côte d'Ivoire,2014,0,Africa
Côte d'Ivoire,2015,0,Africa
Côte d'Ivoire,2016,0,Africa
Côte d'Ivoire,2017,1,Africa
Côte d'Ivoire,2019,1,Africa
Côte d'Ivoire,2020,1,Africa
Côte d'Ivoire,2021,1,Africa
Côte d'Ivoire,2022,0,Africa
Côte d'Ivoire,2023,0,Africa
Côte d'Ivoire,2024,0,Africa
Congo,2003,0,Africa
Congo,2004,0,Africa
Congo,2013,3,Africa
Colombia,2014,23,Latin America
Colombia,2015,22,Latin America
Colombia,2016,10,Latin America
Colombia,2017,10,Latin America
Colombia,2018,11,Latin America
Colombia,2019,10,Latin America
Colombia,2020,5,Latin America
Colombia,2021,9,Latin America
Colombia,2022,7,Latin America
Costa Rica,2004,3,Latin America
Costa Rica,2008,10,Latin America
Costa Rica,2017,3,Latin America
Costa Rica,2018,5,Latin America
Cuba,2000,1,Latin America
Cuba,2001,1,Latin America
Cuba,2002,1,Latin America
Cuba,2004,0,Latin America
Cuba,2005,0,Latin America
Cuba,2006,0,Latin America
Cuba,2007,0,Latin America
Cuba,2009,0,Latin America
Cuba,2010,0,Latin America
Cuba,2011,0,Latin America
Cuba,2013,1,Latin America
Cuba,2014,0,Latin America
Cuba,2015,0,Latin America
Cuba,2016,0,Latin America
Cuba,2017,1,Latin America
Cuba,2018,1,Latin America
Cuba,2019,1,Latin America
Cuba,2020,6,Latin America
Cuba,2021,1,Latin America
Cuba,2023,1,Latin America
Cuba,2024,0,Latin America
Cyprus,2000,233,Asia
Cyprus,2001,208,Asia
Cyprus,2002,193,Asia
Cyprus,2003,197,Asia
Cyprus,2004,216,Asia
Cyprus,2005,228,Asia
Cyprus,2006,163,Asia
Cyprus,2007,183,Asia
Cyprus,2008,191,Asia
Cyprus,2009,192,Asia
Cyprus,2010,199,Asia
Cyprus,2011,187,Asia
Cyprus,2012,174,Asia
Cyprus,2013,134,Asia
Cyprus,2014,232,Asia
Cyprus,2015,171,Asia
Cyprus,2016,157,Asia
Cyprus,2017,157,Asia
Cyprus,2018,180,Asia
Cyprus,2019,156,Asia
Cyprus,2020,142,Asia
Cyprus,2021,186,Asia
Cyprus,2022,152,Asia
Cyprus,2023,366,Asia
Cyprus,2024,433,Asia
Czechia,2000,110,Europe
Czechia,2001,160,Europe
Czechia,2002,203,Europe
Czechia,2003,305,Europe
Czechia,2004,407,Europe
Czechia,2005,609,Europe
Czechia,2006,782,Europe
Czechia,2007,1088,Europe
Czechia,2008,1405,Europe
Czechia,2009,1768,Europe
Czechia,2010,2297,Europe
Czechia,2011,2588,Europe
Czechia,2012,2912,Europe
Czechia,2013,3455,Europe
Czechia,2014,4379,Europe
Czechia,2015,5305,Europe
Czechia,2016,5771,Europe
Czechia,2017,5979,Europe
Czechia,2018,5859,Europe
Czechia,2019,4372,Europe
Czechia,2020,6407,Europe
Czechia,2021,7710,Europe
Czechia,2022,8255,Europe
Czechia,2023,7781,Europe
Germany,2013,9480,Europe
Germany,2014,9668,Europe
Germany,2015,9953,Europe
Germany,2016,9711,Europe
Germany,2017,9620,Europe
Germany,2018,10121,Europe
Germany,2019,9646,Europe
Germany,2020,11055,Europe
Germany,2021,11149,Europe
Germany,2022,11369,Europe
Germany,2023,11024,Europe
Germany,2024,10974,Europe
Denmark,2000,113,Europe
Denmark,2001,122,Europe
Denmark,2002,187,Europe
Denmark,2003,317,Europe
Denmark,2004,71,Europe
Denmark,2005,74,Europe
Denmark,2006,74,Europe
Denmark,2007,72,Europe
Denmark,2008,56,Europe
Denmark,2009,72,Europe
Denmark,2010,97,Europe
Denmark,2011,93,Europe
Denmark,2012,102,Europe
Denmark,2013,187,Europe
Denmark,2014,186,Europe
Denmark,2015,195,Europe
Denmark,2016,189,Europe
Denmark,2017,156,Europe
Denmark,2018,138,Europe
Denmark,2019,128,Europe
Denmark,2020,120,Europe
Denmark,2021,121,Europe
Denmark,2022,131,Europe
Denmark,2023,126,Europe
Denmark,2024,118,Europe
Dominican Republic,2012,4,Latin America
Dominican Republic,2014,3,Latin America
Dominican Republic,2015,4,Latin America
Dominican Republic,2016,8,Latin America
Dominican Republic,2017,7,Latin America
Dominican Republic,2020,7,Latin America
Dominican Republic,2021,7,Latin America
Dominican Republic,2022,4,Latin America
Dominican Republic,2023,10,Latin America
Dominican Republic,2024,9,Latin America
Ecuador,2012,22,Latin America
Ecuador,2014,11,Latin America
Ecuador,2015,19,Latin America
Ecuador,2016,19,Latin America
Ecuador,2018,16,Latin America
Ecuador,2019,18,Latin America
Ecuador,2020,0,Latin America
Ecuador,2022,0,Latin America
Ecuador,2023,18,Latin America
Egypt,2013,231,Africa
Egypt,2014,210,Africa
Egypt,2016,216,Africa
Egypt,2020,211,Africa
Egypt,2024,143,Africa
Spain,2000,93,Europe
Spain,2001,112,Europe
Spain,2002,148,Europe
Spain,2003,218,Europe
Spain,2004,61,Europe
Spain,2005,77,Europe
Spain,2006,135,Europe
Spain,2007,136,Europe
Spain,2008,329,Europe
Spain,2009,485,Europe
Spain,2010,643,Europe
Spain,2011,665,Europe
Spain,2012,718,Europe
Spain,2013,733,Europe
Spain,2016,485,Europe
Spain,2017,597,Europe
Spain,2018,655,Europe
Spain,2019,682,Europe
Spain,2020,670,Europe
Spain,2021,678,Europe
Spain,2022,717,Europe
Spain,2023,781,Europe
Spain,2024,798,Europe
Estonia,2000,119,Europe
Estonia,2001,48,Europe
Estonia,2002,106,Europe
Estonia,2003,101,Europe
Estonia,2004,99,Europe
Estonia,2005,79,Europe
Estonia,2006,79,Europe
Estonia,2007,93,Europe
Estonia,2008,51,Europe
Estonia,2009,57,Europe
Estonia,2010,0,Europe
Estonia,2011,149,Europe
Estonia,2012,127,Europe
Estonia,2013,168,Europe
Estonia,2014,187,Europe
Estonia,2015,230,Europe
Estonia,2016,255,Europe
Estonia,2017,288,Europe
Estonia,2018,303,Europe
Estonia,2019,396,Europe
Estonia,2020,468,Europe
Estonia,2021,485,Europe
Estonia,2022,541,Europe
Estonia,2023,451,Europe
Estonia,2024,313,Europe
Finland,2000,656,Europe
Finland,2001,764,Europe
Finland,2002,911,Europe
Finland,2003,1079,Europe
Finland,2004,1140,Europe
Finland,2005,1127,Europe
Finland,2007,1182,Europe
Finland,2008,1291,Europe
Finland,2009,1378,Europe
Finland,2010,1595,Europe
Finland,2011,1776,Europe
Finland,2012,2107,Europe
Finland,2013,2206,Europe
Finland,2014,2555,Europe
Finland,2015,2799,Europe
Finland,2016,2799,Europe
Finland,2017,2733,Europe
Finland,2018,2344,Europe
Finland,2019,2017,Europe
Finland,2020,1728,Europe
Finland,2021,1996,Europe
Finland,2022,2039,Europe
Finland,2023,2026,Europe
Finland,2024,2066,Europe
France,2000,1453,Europe
France,2001,1658,Europe
France,2002,1924,Europe
France,2003,2537,Europe
France,2004,2597,Europe
France,2005,2672,Europe
France,2006,3083,Europe
France,2007,3219,Europe
France,2008,3347,Europe
France,2009,3593,Europe
France,2010,3822,Europe
France,2011,4193,Europe
France,2012,4300,Europe
France,2013,3643,Europe
France,2014,3599,Europe
France,2015,3648,Europe
France,2016,3555,Europe
France,2017,3691,Europe
France,2018,2945,Europe
France,2019,2785,Europe
France,2020,2751,Europe
France,2021,2752,Europe
France,2022,2685,Europe
France,2023,3001,Europe
France,2024,3159,Europe
United Kingdom,2000,1058,Europe
United Kingdom,2001,1370,Europe
United Kingdom,2002,1461,Europe
United Kingdom,2003,1601,Europe
United Kingdom,2004,1878,Europe
United Kingdom,2005,2027,Europe
United Kingdom,2006,2187,Europe
United Kingdom,2007,2580,Europe
United Kingdom,2008,2646,Europe
United Kingdom,2009,2953,Europe
United Kingdom,2010,3159,Europe
United Kingdom,2011,3303,Europe
United Kingdom,2012,3574,Europe
United Kingdom,2013,3604,Europe
United Kingdom,2014,3933,Europe
United Kingdom,2015,4092,Europe
United Kingdom,2016,3974,Europe
United Kingdom,2017,3920,Europe
United Kingdom,2018,3752,Europe
United Kingdom,2019,3640,Europe
United Kingdom,2020,3376,Europe
United Kingdom,2021,3357,Europe
United Kingdom,2022,3331,Europe
United Kingdom,2023,3028,Europe
Georgia,2000,0,Asia
Georgia,2001,0,Asia
Georgia,2002,0,Asia
Georgia,2003,0,Asia
Georgia,2004,3,Asia
Georgia,2005,3,Asia
Georgia,2006,16,Asia
Georgia,2007,28,Asia
Georgia,2008,37,Asia
Georgia,2009,84,Asia
Georgia,2010,77,Asia
Georgia,2011,337,Asia
Georgia,2012,125,Asia
Georgia,2013,167,Asia
Georgia,2015,157,Asia
Georgia,2016,254,Asia
Georgia,2017,248,Asia
Georgia,2018,257,Asia
Georgia,2019,306,Asia
Georgia,2020,312,Asia
Georgia,2021,367,Asia
Georgia,2022,323,Asia
Georgia,2023,460,Asia
Ghana,2012,0,Africa
Ghana,2013,0,Africa
Ghana,2014,0,Africa
Ghana,2015,2,Africa
Ghana,2016,0,Africa
Ghana,2017,1,Africa
Ghana,2018,0,Africa
Ghana,2019,0,Africa
Ghana,2020,0,Africa
Ghana,2021,0,Africa
Ghana,2022,0,Africa
Ghana,2023,1,Africa
Ghana,2024,0,Africa
Greece,2002,76,Europe
Greece,2003,101,Europe
Greece,2004,136,Europe
Greece,2005,151,Europe
Greece,2006,211,Europe
Greece,2007,299,Europe
Greece,2010,385,Europe
Greece,2011,433,Europe
Greece,2012,465,Europe
Greece,2016,547,Europe
Greece,2017,438,Europe
Greece,2018,464,Europe
Greece,2019,466,Europe
Greece,2020,405,Europe
Greece,2021,504,Europe
Greece,2022,620,Europe
Greece,2023,583,Europe
Grenada,2009,3,Latin America
Grenada,2015,5,Latin America
Grenada,2016,5,Latin America
Grenada,2017,10,Latin America
Grenada,2018,10,Latin America
Guatemala,2019,0,Latin America
Guatemala,2023,2,Latin America
Guyana,2010,1,Latin America
Hong Kong,2001,0,Asia
Hong Kong,2002,0,Asia
Hong Kong,2003,0,Asia
Hong Kong,2004,0,Asia
Hong Kong,2005,0,Asia
Hong Kong,2006,0,Asia
Hong Kong,2007,0,Asia
Hong Kong,2008,0,Asia
Hong Kong,2009,0,Asia
Hong Kong,2010,3,Asia
Hong Kong,2011,7,Asia
Hong Kong,2012,13,Asia
Hong Kong,2013,21,Asia
Hong Kong,2014,24,Asia
Hong Kong,2015,32,Asia
Hong Kong,2016,39,Asia
Hong Kong,2017,46,Asia
Hong Kong,2018,52,Asia
Hong Kong,2019,53,Asia
Hong Kong,2020,54,Asia
Hong Kong,2021,60,Asia
Hong Kong,2022,61,Asia
Hong Kong,2023,63,Asia
Hong Kong,2024,77,Asia
Honduras,2003,0,Latin America
Honduras,2010,0,Latin America
Honduras,2012,0,Latin America
Honduras,2014,0,Latin America
Honduras,2015,0,Latin America
Honduras,2016,0,Latin America
Honduras,2017,0,Latin America
Honduras,2018,0,Latin America
Honduras,2019,1,Latin America
Honduras,2024,0,Latin America
Croatia,2001,1,Europe
Croatia,2002,3,Europe
Croatia,2003,1,Europe
Croatia,2005,0,Europe
Croatia,2006,2,Europe
Croatia,2007,0,Europe
Croatia,2008,1,Europe
Croatia,2009,3,Europe
Croatia,2010,1,Europe
Croatia,2011,2,Europe
Croatia,2012,3,Europe
Croatia,2013,1,Europe
Croatia,2014,8,Europe
Croatia,2015,3,Europe
Croatia,2016,7,Europe
Croatia,2017,29,Europe
Croatia,2018,30,Europe
Croatia,2019,40,Europe
Croatia,2020,29,Europe
Croatia,2021,19,Europe
Croatia,2022,28,Europe
Croatia,2023,23,Europe
Hungary,2001,207,Europe
Hungary,2002,217,Europe
Hungary,2003,229,Europe
Hungary,2004,231,Europe
Hungary,2005,212,Europe
Hungary,2006,238,Europe
Hungary,2007,208,Europe
Hungary,2008,204,Europe
Hungary,2009,150,Europe
Hungary,2010,127,Europe
Hungary,2011,110,Europe
Hungary,2012,80,Europe
Hungary,2013,199,Europe
Hungary,2014,173,Europe
Hungary,2015,135,Europe
Hungary,2016,187,Europe
Hungary,2017,277,Europe
Hungary,2018,391,Europe
Hungary,2019,492,Europe
Hungary,2020,552,Europe
Hungary,2021,544,Europe
Hungary,2022,556,Europe
Hungary,2023,562,Europe
Hungary,2024,726,Europe
Indonesia,2005,0,Asia
Indonesia,2006,0,Asia
Indonesia,2007,0,Asia
Indonesia,2008,0,Asia
Indonesia,2015,11,Asia
Indonesia,2016,11,Asia
Indonesia,2017,11,Asia
Indonesia,2018,10,Asia
India,2000,10,Asia
India,2001,12,Asia
India,2002,10,Asia
India,2003,7,Asia
India,2004,5,Asia
India,2005,6,Asia
India,2006,6,Asia
India,2011,27,Asia
India,2012,18,Asia
India,2013,32,Asia
India,2014,27,Asia
India,2015,43,Asia
India,2016,29,Asia
India,2017,33,Asia
India,2018,35,Asia
India,2019,43,Asia
India,2020,36,Asia
India,2021,26,Asia
India,2022,23,Asia
India,2023,23,Asia
Ireland,2000,33,Europe
Ireland,2001,55,Europe
Ireland,2002,56,Europe
Ireland,2003,68,Europe
Ireland,2004,80,Europe
Ireland,2005,122,Europe
Ireland,2006,101,Europe
Ireland,2007,70,Europe
Ireland,2008,75,Europe
Ireland,2009,83,Europe
Ireland,2010,31,Europe
Ireland,2011,74,Europe
Ireland,2012,58,Europe
Ireland,2013,59,Europe
Ireland,2014,59,Europe
Ireland,2015,87,Europe
Ireland,2016,89,Europe
Ireland,2017,87,Europe
Ireland,2018,104,Europe
Ireland,2019,106,Europe
Ireland,2020,107,Europe
Ireland,2021,130,Europe
Ireland,2022,145,Europe
"Iran, Islamic Republic of",2003,0,Asia
"Iran, Islamic Republic of",2004,19,Asia
"Iran, Islamic Republic of",2005,4,Asia
"Iran, Islamic Republic of",2006,6,Asia
"Iran, Islamic Republic of",2007,3,Asia
"Iran, Islamic Republic of",2008,2,Asia
"Iran, Islamic Republic of",2009,0,Asia
"Iran, Islamic Republic of",2010,0,Asia
"Iran, Islamic Republic of",2011,15,Asia
"Iran, Islamic Republic of",2012,7,Asia
"Iran, Islamic Republic of",2013,12,Asia
"Iran, Islamic Republic of",2014,4,Asia
"Iran, Islamic Republic of",2015,2,Asia
"Iran, Islamic Republic of",2016,6,Asia
"Iran, Islamic Republic of",2017,9,Asia
"Iran, Islamic Republic of",2018,14,Asia
"Iran, Islamic Republic of",2019,26,Asia
"Iran, Islamic Republic of",2020,42,Asia
"Iran, Islamic Republic of",2021,78,Asia
"Iran, Islamic Republic of",2022,93,Asia
Iceland,2000,10,Europe
Iceland,2001,12,Europe
Iceland,2002,11,Europe
Iceland,2003,21,Europe
Iceland,2004,30,Europe
Iceland,2006,20,Europe
Iceland,2007,25,Europe
Iceland,2008,20,Europe
Iceland,2009,19,Europe
Iceland,2010,12,Europe
Iceland,2011,19,Europe
Iceland,2012,30,Europe
Iceland,2013,27,Europe
Iceland,2014,43,Europe
Iceland,2016,37,Europe
Iceland,2017,27,Europe
Iceland,2018,34,Europe
Iceland,2019,36,Europe
Iceland,2020,48,Europe
Iceland,2021,45,Europe
Iceland,2022,42,Europe
Iceland,2023,44,Europe
Israel,2010,21,Asia
Israel,2011,35,Asia
Israel,2012,27,Asia
Israel,2013,867,Asia
Israel,2014,750,Asia
Italy,2000,118,Europe
Italy,2001,200,Europe
Italy,2002,237,Europe
Italy,2003,369,Europe
Italy,2004,512,Europe
Italy,2005,600,Europe
Italy,2006,793,Europe
Italy,2007,930,Europe
Italy,2008,949,Europe
Italy,2009,1144,Europe
Italy,2010,1132,Europe
Italy,2011,1515,Europe
Italy,2012,1737,Europe
Italy,2013,2103,Europe
Italy,2014,2019,Europe
Italy,2015,2178,Europe
Italy,2016,2210,Europe
Italy,2017,2303,Europe
Italy,2018,2493,Europe
Italy,2019,1052,Europe
Italy,2020,1554,Europe
Italy,2021,1908,Europe
Italy,2022,2489,Europe
Italy,2023,3047,Europe
Jordan,2000,39,Asia
Jordan,2003,42,Asia
Jordan,2004,39,Asia
Jordan,2005,50,Asia
Jordan,2006,62,Asia
Jordan,2007,37,Asia
Jordan,2008,0,Asia
Jordan,2009,0,Asia
Jordan,2010,36,Asia
Jordan,2011,0,Asia
Jordan,2012,37,Asia
Jordan,2015,55,Asia
Jordan,2016,81,Asia
Jordan,2017,61,Asia
Jordan,2018,71,Asia
Jordan,2019,64,Asia
Jordan,2020,81,Asia
Jordan,2021,100,Asia
Jordan,2022,85,Asia
Jordan,2023,85,Asia
Jordan,2024,72,Asia
Japan,2013,332,Asia
Japan,2014,336,Asia
Japan,2015,359,Asia
Japan,2016,398,Asia
Japan,2017,463,Asia
Japan,2018,489,Asia
Japan,2019,521,Asia
Japan,2020,514,Asia
Japan,2021,457,Asia
Japan,2022,483,Asia
Japan,2023,591,Asia
Kazakhstan,2000,728,Asia
Kazakhstan,2001,866,Asia
Kazakhstan,2003,1659,Asia
Kazakhstan,2004,2177,Asia
Kazakhstan,2005,2516,Asia
Kazakhstan,2006,2880,Asia
Kazakhstan,2007,2857,Asia
Kazakhstan,2008,1914,Asia
Kazakhstan,2009,2074,Asia
Kazakhstan,2010,3600,Asia
Kazakhstan,2011,3373,Asia
Kazakhstan,2012,1993,Asia
Kazakhstan,2013,1315,Asia
Kazakhstan,2014,1202,Asia
Kazakhstan,2015,1270,Asia
Kazakhstan,2016,1097,Asia
Kazakhstan,2017,1136,Asia
Kazakhstan,2018,1234,Asia
Kazakhstan,2019,1511,Asia
Kazakhstan,2020,1487,Asia
Kazakhstan,2024,2123,Asia
Kyrgyzstan,2001,814,Asia
Kyrgyzstan,2002,245,Asia
Kyrgyzstan,2003,371,Asia
Kyrgyzstan,2004,277,Asia
Kyrgyzstan,2005,362,Asia
Kyrgyzstan,2006,356,Asia
Kyrgyzstan,2007,399,Asia
Kyrgyzstan,2008,649,Asia
Kyrgyzstan,2009,748,Asia
Kyrgyzstan,2010,842,Asia
Kyrgyzstan,2011,818,Asia
Kyrgyzstan,2012,847,Asia
Kyrgyzstan,2013,927,Asia
Kyrgyzstan,2014,1302,Asia
Kyrgyzstan,2015,1377,Asia
Kyrgyzstan,2016,1186,Asia
Kyrgyzstan,2017,910,Asia
Kyrgyzstan,2018,1535,Asia
Kyrgyzstan,2019,1622,Asia
Kyrgyzstan,2020,1844,Asia
Kyrgyzstan,2021,2005,Asia
Kyrgyzstan,2022,1672,Asia
Kyrgyzstan,2023,2474,Asia
Kyrgyzstan,2024,2623,Asia
"Korea, Republic of",2000,77,Asia
"Korea, Republic of",2001,65,Asia
"Korea, Republic of",2002,100,Asia
"Korea, Republic of",2003,153,Asia
"Korea, Republic of",2004,166,Asia
"Korea, Republic of",2005,185,Asia
"Korea, Republic of",2006,254,Asia
"Korea, Republic of",2007,243,Asia
"Korea, Republic of",2008,248,Asia
"Korea, Republic of",2009,252,Asia
"Korea, Republic of",2010,346,Asia
"Korea, Republic of",2011,340,Asia
"Korea, Republic of",2012,330,Asia
"Korea, Republic of",2013,314,Asia
"Korea, Republic of",2014,320,Asia
"Korea, Republic of",2015,349,Asia
"Korea, Republic of",2016,420,Asia
"Korea, Republic of",2017,443,Asia
"Korea, Republic of",2018,473,Asia
"Korea, Republic of",2019,481,Asia
"Korea, Republic of",2020,505,Asia
"Korea, Republic of",2021,614,Asia
"Korea, Republic of",2022,787,Asia
"Korea, Republic of",2023,1015,Asia
"Korea, Republic of",2024,1351,Asia
Kuwait,2008,5,Asia
Kuwait,2009,2,Asia
Lao People's Democratic Republic,2001,0,Asia
Lao People's Democratic Republic,2002,0,Asia
Lao People's Democratic Republic,2003,0,Asia
Lao People's Democratic Republic,2004,0,Asia
Lao People's Democratic Republic,2005,0,Asia
Lao People's Democratic Republic,2006,0,Asia
Lao People's Democratic Republic,2007,0,Asia
Lao People's Democratic Republic,2008,0,Asia
Lao People's Democratic Republic,2009,1,Asia
Lao People's Democratic Republic,2010,1,Asia
Lao People's Democratic Republic,2011,1,Asia
Lao People's Democratic Republic,2012,2,Asia
Lao People's Democratic Republic,2013,0,Asia
Lao People's Democratic Republic,2014,1,Asia
Lao People's Democratic Republic,2015,0,Asia
Lao People's Democratic Republic,2016,0,Asia
Lao People's Democratic Republic,2017,1,Asia
Lao People's Democratic Republic,2018,0,Asia
Lao People's Democratic Republic,2019,0,Asia
Lao People's Democratic Republic,2020,0,Asia
Liechtenstein,2004,3,Europe
Liechtenstein,2006,1,Europe
Liechtenstein,2007,0,Europe
Liechtenstein,2008,1,Europe
Liechtenstein,2009,1,Europe
Liechtenstein,2010,1,Europe
Liechtenstein,2011,0,Europe
Liechtenstein,2012,3,Europe
Liechtenstein,2014,7,Europe
Liechtenstein,2015,4,Europe
Liechtenstein,2016,3,Europe
Liechtenstein,2017,6,Europe
Liechtenstein,2018,5,Europe
Liechtenstein,2019,6,Europe
Liechtenstein,2020,4,Europe
Liechtenstein,2021,3,Europe
Sri Lanka,2013,0,Asia
Sri Lanka,2014,0,Asia
Sri Lanka,2015,0,Asia
Sri Lanka,2016,0,Asia
Sri Lanka,2017,0,Asia
Sri Lanka,2018,0,Asia
Sri Lanka,2019,1,Asia
Sri Lanka,2020,0,Asia
Sri Lanka,2021,0,Asia
Sri Lanka,2022,0,Asia
Sri Lanka,2023,0,Asia
Lithuania,2000,41,Europe
Lithuania,2001,34,Europe
Lithuania,2002,35,Europe
Lithuania,2003,37,Europe
Lithuania,2004,28,Europe
Lithuania,2005,32,Europe
Lithuania,2006,31,Europe
Lithuania,2007,41,Europe
Lithuania,2008,42,Europe
Lithuania,2009,48,Europe
Lithuania,2010,60,Europe
Lithuania,2011,76,Europe
Lithuania,2012,135,Europe
Lithuania,2013,236,Europe
Lithuania,2014,229,Europe
Lithuania,2015,182,Europe
Lithuania,2016,160,Europe
Lithuania,2017,191,Europe
Lithuania,2018,179,Europe
Lithuania,2019,0,Europe
Lithuania,2020,176,Europe
Lithuania,2021,265,Europe
Lithuania,2022,317,Europe
Lithuania,2023,375,Europe
Lithuania,2024,393,Europe
Luxembourg,2006,7,Europe
Luxembourg,2008,19,Europe
Luxembourg,2010,26,Europe
Luxembourg,2012,6,Europe
Luxembourg,2013,36,Europe
Luxembourg,2014,45,Europe
Luxembourg,2015,55,Europe
Luxembourg,2016,49,Europe
Luxembourg,2017,45,Europe
Luxembourg,2018,57,Europe
Luxembourg,2019,58,Europe
Luxembourg,2020,56,Europe
Luxembourg,2021,57,Europe
Luxembourg,2022,58,Europe
Luxembourg,2023,77,Europe
Luxembourg,2024,87,Europe
Latvia,2000,430,Europe
Latvia,2001,189,Europe
Latvia,2002,394,Europe
Latvia,2003,330,Europe
Latvia,2004,276,Europe
Latvia,2005,323,Europe
Latvia,2007,382,Europe
Latvia,2008,382,Europe
Latvia,2009,397,Europe
Latvia,2010,360,Europe
Latvia,2011,361,Europe
Latvia,2012,357,Europe
Latvia,2013,387,Europe
Latvia,2014,482,Europe
Latvia,2015,509,Europe
Latvia,2016,571,Europe
Latvia,2017,516,Europe
Latvia,2018,515,Europe
Latvia,2019,538,Europe
Latvia,2020,548,Europe
Latvia,2021,531,Europe
Latvia,2022,477,Europe
Latvia,2023,364,Europe
Latvia,2024,334,Europe
Macao,2003,0,Asia
Macao,2004,1,Asia
Macao,2005,0,Asia
Macao,2006,1,Asia
Macao,2007,1,Asia
Macao,2008,1,Asia
Macao,2009,2,Asia
Macao,2010,3,Asia
Macao,2011,9,Asia
Macao,2012,9,Asia
Macao,2013,7,Asia
Macao,2014,5,Asia
Macao,2015,7,Asia
Macao,2016,8,Asia
Macao,2017,4,Asia
Macao,2018,2,Asia
Macao,2019,2,Asia
Macao,2020,3,Asia
Macao,2021,2,Asia
Macao,2022,2,Asia
Macao,2023,1,Asia
Macao,2024,5,Asia
Morocco,2003,0,Africa
Morocco,2004,0,Africa
Morocco,2005,0,Africa
Morocco,2006,0,Africa
Morocco,2007,3,Africa
Morocco,2008,6,Africa
Morocco,2009,3,Africa
Morocco,2010,1,Africa
Morocco,2013,2,Africa
Morocco,2014,2,Africa
Morocco,2015,5,Africa
Morocco,2016,11,Africa
Morocco,2017,5,Africa
Morocco,2018,11,Africa
Morocco,2019,15,Africa
Morocco,2020,10,Africa
Morocco,2021,10,Africa
Morocco,2022,9,Africa
Morocco,2023,9,Africa
Morocco,2024,8,Africa
Monaco,2017,0,Europe
Monaco,2020,12,Europe
Monaco,2021,12,Europe
Monaco,2022,10,Europe
Monaco,2023,10,Europe
Monaco,2024,13,Europe
"Moldova, Republic of",2001,43,Europe
"Moldova, Republic of",2002,60,Europe
"Moldova, Republic of",2003,71,Europe
"Moldova, Republic of",2004,137,Europe
"Moldova, Republic of",2005,0,Europe
"Moldova, Republic of",2006,174,Europe
"Moldova, Republic of",2007,181,Europe
"Moldova, Republic of",2008,168,Europe
"Moldova, Republic of",2009,141,Europe
"Moldova, Republic of",2010,141,Europe
"Moldova, Republic of",2011,118,Europe
"Moldova, Republic of",2012,113,Europe
"Moldova, Republic of",2013,103,Europe
"Moldova, Republic of",2014,83,Europe
"Moldova, Republic of",2015,74,Europe
"Moldova, Republic of",2016,70,Europe
"Moldova, Republic of",2017,54,Europe
"Moldova, Republic of",2018,58,Europe
"Moldova, Republic of",2019,59,Europe
"Moldova, Republic of",2020,53,Europe
"Moldova, Republic of",2021,60,Europe
"Moldova, Republic of",2022,81,Europe
"Moldova, Republic of",2023,112,Europe
"Moldova, Republic of",2024,125,Europe
North Macedonia,2000,0,Europe
North Macedonia,2001,1,Europe
North Macedonia,2002,0,Europe
North Macedonia,2003,0,Europe
North Macedonia,2004,0,Europe
North Macedonia,2005,0,Europe
North Macedonia,2006,1,Europe
North Macedonia,2007,1,Europe
North Macedonia,2008,1,Europe
North Macedonia,2009,0,Europe
North Macedonia,2011,0,Europe
North Macedonia,2012,1,Europe
North Macedonia,2013,1,Europe
North Macedonia,2014,0,Europe
North Macedonia,2015,1,Europe
North Macedonia,2017,5,Europe
North Macedonia,2018,1,Europe
North Macedonia,2019,3,Europe
North Macedonia,2020,0,Europe
North Macedonia,2021,0,Europe
North Macedonia,2022,0,Europe
North Macedonia,2023,0,Europe
Malta,2000,1,Europe
Malta,2001,54,Europe
Malta,2002,39,Europe
Malta,2003,57,Europe
Malta,2004,45,Europe
Malta,2005,0,Europe
Malta,2006,42,Europe
Malta,2008,35,Europe
Malta,2009,38,Europe
Malta,2011,25,Europe
Malta,2012,29,Europe
Malta,2013,34,Europe
Malta,2014,40,Europe
Malta,2015,34,Europe
Malta,2016,33,Europe
Malta,2017,32,Europe
Malta,2018,29,Europe
Malta,2019,30,Europe
Malta,2020,28,Europe
Malta,2021,26,Europe
Malta,2022,32,Europe
Malta,2023,40,Europe
Mongolia,2000,94,Asia
Mongolia,2001,87,Asia
Mongolia,2003,47,Asia
Mongolia,2004,162,Asia
Mongolia,2005,429,Asia
Mongolia,2006,623,Asia
Mongolia,2007,553,Asia
Mongolia,2008,519,Asia
Mongolia,2009,454,Asia
Mongolia,2010,411,Asia
Mongolia,2011,395,Asia
Mongolia,2012,372,Asia
Mongolia,2013,287,Asia
Mongolia,2014,250,Asia
Mongolia,2015,254,Asia
Mongolia,2016,206,Asia
Mongolia,2017,182,Asia
Mongolia,2018,180,Asia
Mongolia,2019,236,Asia
Mongolia,2022,183,Asia
Mongolia,2023,278,Asia
Mongolia,2024,310,Asia
Mozambique,2011,0,Africa
Mozambique,2013,2,Africa
Mozambique,2014,4,Africa
Mozambique,2016,4,Africa
Mozambique,2017,0,Africa
Mozambique,2018,2,Africa
Mauritius,2004,0,Africa
Mauritius,2006,0,Africa
Mauritius,2010,0,Africa
Mauritius,2011,1,Africa
Mauritius,2012,1,Africa
Mauritius,2013,2,Africa
Mauritius,2014,1,Africa
Mauritius,2015,1,Africa
Mauritius,2016,2,Africa
Mauritius,2017,1,Africa
Mauritius,2020,0,Africa
Mauritius,2021,0,Africa
Mauritius,2022,2,Africa
Malaysia,2000,32,Asia
Malaysia,2001,4,Asia
Malaysia,2002,25,Asia
Malaysia,2003,34,Asia
Malaysia,2004,31,Asia
Malaysia,2006,33,Asia
Malaysia,2007,34,Asia
Malaysia,2008,45,Asia
Malaysia,2009,42,Asia
Malaysia,2010,56,Asia
Malaysia,2011,76,Asia
Malaysia,2012,89,Asia
Malaysia,2014,168,Asia
Malaysia,2015,132,Asia
Malaysia,2016,154,Asia
Malaysia,2017,144,Asia
Malaysia,2019,14,Asia
Malaysia,2020,17,Asia
Malaysia,2021,67,Asia
Malaysia,2022,70,Asia
Malaysia,2023,117,Asia
Malaysia,2024,220,Asia
Namibia,2002,0,Africa
Namibia,2003,0,Africa
Namibia,2005,0,Africa
Namibia,2006,0,Africa
Namibia,2008,0,Africa
Namibia,2012,0,Africa
Namibia,2013,1,Africa
Namibia,2014,0,Africa
Namibia,2015,0,Africa
Namibia,2016,0,Africa
Namibia,2017,0,Africa
Namibia,2018,1,Africa
Namibia,2019,1,Africa
Namibia,2020,2,Africa
Namibia,2022,0,Africa
Nicaragua,2023,4,Latin America
Netherlands,2000,175,Europe
Netherlands,2001,227,Europe
Netherlands,2002,255,Europe
Netherlands,2003,271,Europe
Netherlands,2004,170,Europe
Netherlands,2005,291,Europe
Netherlands,2006,237,Europe
Netherlands,2007,184,Europe
Netherlands,2008,211,Europe
Netherlands,2009,199,Europe
Netherlands,2010,199,Europe
Netherlands,2011,336,Europe
Netherlands,2012,556,Europe
Netherlands,2013,616,Europe
Netherlands,2014,668,Europe
Netherlands,2015,794,Europe
Netherlands,2016,879,Europe
Netherlands,2017,882,Europe
Netherlands,2018,947,Europe
Netherlands,2019,877,Europe
Norway,2000,339,Europe
Norway,2001,335,Europe
Norway,2002,458,Europe
Norway,2003,544,Europe
Norway,2004,674,Europe
Norway,2005,750,Europe
Norway,2006,772,Europe
Norway,2007,798,Europe
Norway,2008,868,Europe
Norway,2009,943,Europe
Norway,2010,894,Europe
Norway,2011,1004,Europe
Norway,2012,1061,Europe
Norway,2013,624,Europe
Norway,2014,608,Europe
Norway,2015,548,Europe
Norway,2016,516,Europe
Norway,2017,369,Europe
Norway,2018,481,Europe
Norway,2019,227,Europe
Norway,2020,306,Europe
Norway,2021,272,Europe
Norway,2022,285,Europe
Norway,2023,251,Europe
Norway,2024,242,Europe
New Zealand,2000,20,Oceania
New Zealand,2001,29,Oceania
New Zealand,2002,58,Oceania
New Zealand,2003,101,Oceania
New Zealand,2004,174,Oceania
New Zealand,2005,203,Oceania
New Zealand,2007,272,Oceania
New Zealand,2008,299,Oceania
New Zealand,2009,284,Oceania
New Zealand,2010,312,Oceania
New Zealand,2011,338,Oceania
New Zealand,2012,336,Oceania
New Zealand,2013,325,Oceania
New Zealand,2014,312,Oceania
New Zealand,2015,320,Oceania
New Zealand,2016,315,Oceania
New Zealand,2017,342,Oceania
New Zealand,2018,393,Oceania
New Zealand,2019,338,Oceania
New Zealand,2020,269,Oceania
New Zealand,2021,156,Oceania
New Zealand,2022,99,Oceania
New Zealand,2023,206,Oceania
New Zealand,2024,280,Oceania
Oman,2007,0,Asia
Oman,2008,0,Asia
Oman,2009,0,Asia
Oman,2010,0,Asia
Oman,2011,0,Asia
Oman,2013,1,Asia
Oman,2014,0,Asia
Oman,2015,0,Asia
Oman,2016,1,Asia
Oman,2017,3,Asia
Oman,2018,3,Asia
Oman,2019,3,Asia
Oman,2020,3,Asia
Oman,2021,5,Asia
Oman,2023,1,Asia
Oman,2024,3,Asia
Panama,2019,2,Latin America
Panama,2020,4,Latin America
Panama,2021,5,Latin America
Panama,2022,6,Latin America
Philippines,2001,2,Asia
Philippines,2002,3,Asia
Philippines,2003,2,Asia
Philippines,2004,0,Asia
Philippines,2005,1,Asia
Philippines,2006,0,Asia
Philippines,2008,1,Asia
Philippines,2024,34,Asia
Poland,2000,262,Europe
Poland,2001,289,Europe
Poland,2002,291,Europe
Poland,2003,346,Europe
Poland,2004,381,Europe
Poland,2005,452,Europe
Poland,2006,456,Europe
Poland,2007,488,Europe
Poland,2008,459,Europe
Poland,2009,494,Europe
Poland,2010,543,Europe
Poland,2011,476,Europe
Poland,2012,553,Europe
Poland,2013,585,Europe
Poland,2014,754,Europe
Poland,2015,898,Europe
Poland,2016,977,Europe
Poland,2017,1042,Europe
Poland,2018,799,Europe
Poland,2019,792,Europe
Poland,2020,1038,Europe
Poland,2021,1431,Europe
Poland,2022,1570,Europe
Poland,2023,1305,Europe
Poland,2024,1118,Europe
"Korea, Democratic People's Republic of",2009,20,Asia
Portugal,2000,10,Europe
Portugal,2002,18,Europe
Portugal,2003,28,Europe
Portugal,2004,37,Europe
Portugal,2005,55,Europe
Portugal,2006,65,Europe
Portugal,2007,85,Europe
Portugal,2008,60,Europe
Portugal,2009,50,Europe
Portugal,2010,55,Europe
Portugal,2011,83,Europe
Portugal,2012,111,Europe
Portugal,2013,106,Europe
Portugal,2014,81,Europe
Portugal,2015,90,Europe
Portugal,2016,82,Europe
Portugal,2017,99,Europe
Portugal,2018,88,Europe
Portugal,2019,95,Europe
Portugal,2020,129,Europe
Portugal,2021,130,Europe
Portugal,2022,140,Europe
Portugal,2023,211,Europe
Qatar,2002,2,Asia
Qatar,2003,0,Asia
Qatar,2004,3,Asia
Qatar,2005,0,Asia
Qatar,2008,5,Asia
Qatar,2009,4,Asia
Qatar,2010,6,Asia
Qatar,2011,9,Asia
Qatar,2012,4,Asia
Qatar,2013,5,Asia
Qatar,2014,6,Asia
Qatar,2015,8,Asia
Qatar,2016,4,Asia
Qatar,2017,8,Asia
Qatar,2018,5,Asia
Qatar,2019,8,Asia
Qatar,2020,12,Asia
Qatar,2021,16,Asia
Qatar,2022,16,Asia
Qatar,2023,25,Asia
Qatar,2024,26,Asia
Romania,2000,25,Europe
Romania,2001,19,Europe
Romania,2002,12,Europe
Romania,2003,9,Europe
Romania,2004,9,Europe
Romania,2005,16,Europe
Romania,2006,16,Europe
Romania,2007,14,Europe
Romania,2008,2,Europe
Romania,2009,14,Europe
Romania,2010,15,Europe
Romania,2011,11,Europe
Romania,2013,25,Europe
Romania,2014,22,Europe
Romania,2015,15,Europe
Romania,2016,25,Europe
Romania,2017,35,Europe
Romania,2018,30,Europe
Romania,2019,27,Europe
Romania,2020,36,Europe
Romania,2021,44,Europe
Romania,2022,46,Europe
Romania,2023,58,Europe
Rwanda,2012,2,Africa
Rwanda,2013,0,Africa
Rwanda,2014,0,Africa
Rwanda,2015,0,Africa
Rwanda,2017,0,Africa
Rwanda,2018,0,Africa
Rwanda,2019,0,Africa
Rwanda,2020,0,Africa
Rwanda,2022,0,Africa
Rwanda,2023,0,Africa
Rwanda,2024,0,Africa
Saudi Arabia,2003,120,Asia
Saudi Arabia,2004,148,Asia
Saudi Arabia,2005,116,Asia
Saudi Arabia,2006,0,Asia
Saudi Arabia,2007,78,Asia
Saudi Arabia,2008,83,Asia
Saudi Arabia,2009,88,Asia
Saudi Arabia,2010,119,Asia
Saudi Arabia,2011,225,Asia
Saudi Arabia,2012,300,Asia
Saudi Arabia,2013,520,Asia
Saudi Arabia,2014,601,Asia
Saudi Arabia,2015,572,Asia
Saudi Arabia,2016,584,Asia
Saudi Arabia,2017,577,Asia
Saudi Arabia,2018,537,Asia
Saudi Arabia,2019,356,Asia
Saudi Arabia,2020,444,Asia
Saudi Arabia,2021,444,Asia
Saudi Arabia,2022,479,Asia
Saudi Arabia,2024,604,Asia
Senegal,2023,0,Africa
Senegal,2024,2,Africa
El Salvador,2001,1,Latin America
El Salvador,2003,0,Latin America
El Salvador,2005,0,Latin America
El Salvador,2006,1,Latin America
El Salvador,2007,0,Latin America
El Salvador,2008,0,Latin America
El Salvador,2009,0,Latin America
El Salvador,2010,0,Latin America
El Salvador,2011,0,Latin America
El Salvador,2012,0,Latin America
El Salvador,2013,0,Latin America
El Salvador,2014,0,Latin America
El Salvador,2015,0,Latin America
El Salvador,2016,0,Latin America
El Salvador,2017,0,Latin America
El Salvador,2018,0,Latin America
El Salvador,2019,0,Latin America
El Salvador,2020,0,Latin America
El Salvador,2021,0,Latin America
El Salvador,2022,0,Latin America
El Salvador,2023,0,Latin America
Serbia,2007,10,Europe
Serbia,2008,18,Europe
Serbia,2009,20,Europe
Serbia,2010,26,Europe
Serbia,2011,22,Europe
Serbia,2012,24,Europe
Serbia,2013,24,Europe
Serbia,2014,26,Europe
Serbia,2015,93,Europe
Serbia,2016,93,Europe
Serbia,2017,120,Europe
Serbia,2018,123,Europe
Serbia,2019,130,Europe
Serbia,2020,140,Europe
Serbia,2021,130,Europe
Serbia,2022,131,Europe
Serbia,2023,189,Europe
Serbia,2024,342,Europe
Slovakia,2000,28,Europe
Slovakia,2001,35,Europe
Slovakia,2002,47,Europe
Slovakia,2003,32,Europe
Slovakia,2004,26,Europe
Slovakia,2005,24,Europe
Slovakia,2006,14,Europe
Slovakia,2007,21,Europe
Slovakia,2008,35,Europe
Slovakia,2009,40,Europe
Slovakia,2010,28,Europe
Slovakia,2011,23,Europe
Slovakia,2012,25,Europe
Slovakia,2013,63,Europe
Slovakia,2014,83,Europe
Slovakia,2015,99,Europe
Slovakia,2016,106,Europe
Slovakia,2017,99,Europe
Slovakia,2018,138,Europe
Slovakia,2019,228,Europe
Slovakia,2020,370,Europe
Slovakia,2021,580,Europe
Slovakia,2022,714,Europe
Slovakia,2023,961,Europe
Slovakia,2024,1253,Europe
Slovenia,2000,10,Europe
Slovenia,2001,7,Europe
Slovenia,2002,16,Europe
Slovenia,2003,17,Europe
Slovenia,2004,9,Europe
Slovenia,2005,10,Europe
Slovenia,2006,11,Europe
Slovenia,2007,14,Europe
Slovenia,2008,19,Europe
Slovenia,2009,28,Europe
Slovenia,2010,23,Europe
Slovenia,2011,25,Europe
Slovenia,2012,37,Europe
Slovenia,2013,38,Europe
Slovenia,2014,40,Europe
Slovenia,2015,47,Europe
Slovenia,2016,56,Europe
Slovenia,2017,90,Europe
Slovenia,2018,111,Europe
Slovenia,2019,160,Europe
Slovenia,2020,192,Europe
Slovenia,2021,227,Europe
Slovenia,2022,235,Europe
Slovenia,2023,356,Europe
Sweden,2000,462,Europe
Sweden,2001,524,Europe
Sweden,2002,584,Europe
Sweden,2003,643,Europe
Sweden,2004,54,Europe
Sweden,2005,67,Europe
Sweden,2006,37,Europe
Sweden,2007,65,Europe
Sweden,2008,255,Europe
Sweden,2009,385,Europe
Sweden,2010,471,Europe
Sweden,2011,643,Europe
Sweden,2012,512,Europe
Sweden,2013,420,Europe
Sweden,2014,390,Europe
Sweden,2015,364,Europe
Sweden,2016,357,Europe
Sweden,2017,340,Europe
Sweden,2018,334,Europe
Sweden,2019,303,Europe
Sweden,2020,289,Europe
Sweden,2021,279,Europe
Sweden,2022,299,Europe
Sweden,2023,292,Europe
Sweden,2024,307,Europe
Sint Maarten (Dutch part),2012,1,Latin America
Sint Maarten (Dutch part),2014,0,Latin America
Sint Maarten (Dutch part),2015,0,Latin America
Sint Maarten (Dutch part),2017,0,Latin America
Thailand,2001,15,Asia
Thailand,2002,20,Asia
Thailand,2004,14,Asia
Thailand,2005,20,Asia
Thailand,2006,24,Asia
Thailand,2007,22,Asia
Thailand,2008,30,Asia
Thailand,2009,35,Asia
Thailand,2010,47,Asia
Thailand,2011,51,Asia
Thailand,2012,61,Asia
Thailand,2015,105,Asia
Thailand,2016,149,Asia
Thailand,2020,62,Asia
Thailand,2022,110,Asia
Thailand,2023,113,Asia
Thailand,2024,177,Asia
Tajikistan,2000,161,Asia
Tajikistan,2001,101,Asia
Tajikistan,2002,1451,Asia
Tajikistan,2003,599,Asia
Tajikistan,2004,297,Asia
Tajikistan,2005,88,Asia
Tajikistan,2006,94,Asia
Tajikistan,2007,111,Asia
Tajikistan,2008,162,Asia
Tajikistan,2009,142,Asia
Tajikistan,2010,126,Asia
Tajikistan,2011,126,Asia
Tajikistan,2012,105,Asia
Tajikistan,2013,107,Asia
Tajikistan,2014,92,Asia
Tajikistan,2015,108,Asia
Tajikistan,2016,121,Asia
Tajikistan,2017,111,Asia
Turkmenistan,2014,1,Asia
Turkmenistan,2019,1,Asia
Turkmenistan,2020,1,Asia
Turkmenistan,2021,1,Asia
Trinidad and Tobago,2000,0,Latin America
Trinidad and Tobago,2001,0,Latin America
Trinidad and Tobago,2002,0,Latin America
Trinidad and Tobago,2003,0,Latin America
Trinidad and Tobago,2004,0,Latin America
Trinidad and Tobago,2019,1,Latin America
Trinidad and Tobago,2021,1,Latin America
Trinidad and Tobago,2022,0,Latin America
Trinidad and Tobago,2023,0,Latin America
Tunisia,2000,0,Africa
Tunisia,2001,0,Africa
Tunisia,2002,0,Africa
Tunisia,2013,7,Africa
Tunisia,2015,0,Africa
Tunisia,2016,1,Africa
Tunisia,2017,2,Africa
Tunisia,2018,2,Africa
Tunisia,2020,0,Africa
Tunisia,2021,0,Africa
Tunisia,2022,1,Africa
Tunisia,2023,1,Africa
Türkiye,2000,1004,Asia
Türkiye,2001,924,Asia
Türkiye,2002,846,Asia
Türkiye,2003,720,Asia
Türkiye,2004,662,Asia
Türkiye,2005,625,Asia
Türkiye,2006,604,Asia
Türkiye,2007,556,Asia
Türkiye,2008,524,Asia
Türkiye,2009,491,Asia
Türkiye,2010,495,Asia
Türkiye,2011,516,Asia
Türkiye,2012,567,Asia
Türkiye,2013,60,Asia
Türkiye,2014,931,Asia
Türkiye,2015,1158,Asia
Türkiye,2016,1275,Asia
Türkiye,2017,1376,Asia
Türkiye,2018,1431,Asia
Türkiye,2019,1409,Asia
Türkiye,2020,1439,Asia
Türkiye,2021,1648,Asia
Türkiye,2022,1711,Asia
Türkiye,2023,3083,Asia
"Tanzania, United Republic of",2001,71,Africa
"Tanzania, United Republic of",2003,37,Africa
"Tanzania, United Republic of",2004,40,Africa
"Tanzania, United Republic of",2021,0,Africa
"Tanzania, United Republic of",2022,0,Africa
"Tanzania, United Republic of",2024,3,Africa
Ukraine,2005,3673,Europe
Ukraine,2006,4362,Europe
Ukraine,2007,4534,Europe
Ukraine,2008,4734,Europe
Ukraine,2009,4717,Europe
Ukraine,2010,3931,Europe
Ukraine,2011,3453,Europe
Ukraine,2012,2990,Europe
Ukraine,2013,2878,Europe
Ukraine,2014,2930,Europe
Ukraine,2015,1814,Europe
Ukraine,2016,1509,Europe
Ukraine,2017,1114,Europe
Ukraine,2018,783,Europe
Ukraine,2019,657,Europe
Ukraine,2020,623,Europe
Ukraine,2021,1191,Europe
Ukraine,2023,655,Europe
Ukraine,2024,651,Europe
United States,2005,5299,North America
United States,2013,4688,North America
United States,2014,4885,North America
United States,2015,5203,North America
United States,2016,5156,North America
United States,2017,5081,North America
United States,2018,5074,North America
United States,2020,4901,North America
United States,2021,4466,North America
United States,2023,4543,North America
Uzbekistan,2006,16,Asia
Uzbekistan,2007,30,Asia
Uzbekistan,2008,56,Asia
Uzbekistan,2009,60,Asia
Uzbekistan,2010,64,Asia
Uzbekistan,2011,52,Asia
Uzbekistan,2012,87,Asia
Uzbekistan,2013,108,Asia
Uzbekistan,2014,115,Asia
Uzbekistan,2015,129,Asia
Uzbekistan,2016,134,Asia
Uzbekistan,2017,133,Asia
Uzbekistan,2018,174,Asia
Uzbekistan,2019,220,Asia
Uzbekistan,2021,442,Asia
Uzbekistan,2022,572,Asia
Uzbekistan,2023,648,Asia
Uzbekistan,2024,750,Asia
Viet Nam,2000,7,Asia
Viet Nam,2001,8,Asia
Viet Nam,2002,13,Asia
Viet Nam,2003,0,Asia
Viet Nam,2005,2,Asia
Viet Nam,2007,2,Asia
Viet Nam,2008,8,Asia
Viet Nam,2010,7,Asia
Viet Nam,2011,7,Asia
Viet Nam,2012,4,Asia
Viet Nam,2013,17,Asia
Viet Nam,2014,5,Asia
Viet Nam,2015,0,Asia
Viet Nam,2016,2,Asia
Viet Nam,2017,2,Asia
Viet Nam,2019,7,Asia
Viet Nam,2020,12,Asia
Viet Nam,2021,22,Asia
Viet Nam,2022,22,Asia
South Africa,2008,0,Africa
South Africa,2011,62,Africa
South Africa,2012,23,Africa
South Africa,2013,30,Africa
South Africa,2014,26,Africa
South Africa,2015,27,Africa
South Africa,2016,31,Africa
South Africa,2017,34,Africa
South Africa,2018,34,Africa
South Africa,2019,27,Africa
South Africa,2020,20,Africa
South Africa,2021,19,Africa
South Africa,2022,13,Africa
South Africa,2023,9,Africa
